country,organization,city,phone,email_or_contact,notes
Turkey,Acıbadem Healthcare Group (HQ),Istanbul,444 55 44 / +90 216 643 93 33,international@acibadem.com.tr,Group HQ - WhatsApp intl +90 535 876 04 89
Turkey,Acıbadem International Hospital,Yesilkoy Istanbul,+90 212 468 4444,internationalinfo@acibadem.com.tr,112 beds - intl patients
Turkey,Acıbadem Hospital Bakirkoy,Istanbul,+90 212 414 44 44,,Major branch
Turkey,Acıbadem Hospital Kadikoy,Istanbul,+90 216 544 44 44,,Major branch
Turkey,American Hospital Istanbul,Nisantasi Istanbul,+90 212 231 4050,,Premium hospital - ideal client
Turkey,Alman Hastanesi (German Hospital),Taksim Istanbul,+90 212 293 21 50,,Historic private hospital
Turkey,Florence Nightingale Hospital Sisli,Istanbul,+90 212 224 4950,,Large group
Turkey,Avrupa Florence Nightingale,Mecidiyekoy Istanbul,+90 212 212 8811,,Large group
Turkey,Metropolitan Florence Nightingale,Gayrettepe Istanbul,+90 212 288 3400,,Large group
Turkey,MedAmerican Polyclinic,Kadikoy Istanbul,+90 216 478 2555,,Polyclinic - good size for sale
Turkey,Private Kusadasi Hospital,Kusadasi-Aydin,+90 256 613 1616,,Smaller - easier deal
India,Apollo Hospitals International Desk,Multi-city,+91 93101 15219 / +91 40 4344 1066,newpatient@apollohospitalinternational.com,24/7 WhatsApp - 60+ hospitals
India,Apollo Hospitals Navi Mumbai,Mumbai,08062972766,info@apollohospitals.com,
India,Max Healthcare,Delhi NCR,+91 926 888 0303,digitalquery@maxhealthcare.com,24/7
India,Fortis Hospital Bangalore,Bangalore,+91 92896 78787,,Intl patients helpline 24/7
UK,Cromwell Hospital (Bupa),London,020 7460 5700,appointments.team@cromwellhospital.com,
UK,Nuffield Health Glasgow Hospital,Glasgow,0141 334 9441,Glasgow.enquiries@nuffieldhealth.com,
UK,Nuffield Health Edinburgh Hospital,Edinburgh,0131 447 2340,tec.bookings@nuffieldhealth.com,
UK,Nuffield Health Leeds Hospital,Leeds,0113 322 7251,Leeds.enquiries@nuffieldhealth.com,
UK,Nuffield Health Newcastle Hospital,Newcastle,0191 212 5215,newcastle.enquiries@nuffieldhealth.com,
UAE,Saudi German Hospital Dubai,Dubai,800 2211 / +971 4 389 0000,info@saudigerman.com,Group w/ Sharjah + Ajman
UAE,Aster Hospital Dubai,Dubai,+971 4 440 0500,,Mankhool + Al Qusais branches
UAE,Aster Clinic Bur Dubai (AJMC),Dubai,+971 4 5090 300,jubilee@asterclinics.com,JCI accredited clinic
UAE,Medcare Hospital Dubai,Dubai,800 633 2273,,Medcare group
UAE,Al Zahra Hospital Dubai,Dubai,+971 4 378 6666,,Top private hospital
UAE,NMC Hospital Dubai,Dubai,+971 4 267 9999,,NMC network
UAE,Burjeel Hospital,Abu Dhabi,800 55,,VPS group
UAE,Burjeel Hospital for Advanced Surgery,Dubai,+971 4 407 0128,,Specialty - medium size
UAE,Al Rashidiyah Private Polyclinic,Dubai,+971 4 393 9383,,Small polyclinic - easiest deal
Germany,Asklepios Klinikum Harburg,Hamburg,+49 40 1818 860,,Asklepios group (100+)
Germany,Asklepios Klinik Langen,Langen (Frankfurt area),+49 6103 912 0,,
Germany,Asklepios Lungenklinik Gauting,Munich (Gauting),+49 89 85 7910,,Center of excellence
Poland,Medicover Hospital Warsaw,Warsaw,+48 500 900 900,,Emergency 500 900 999
Poland,LUX MED Hospital Warsaw,Warsaw,+48 22 469 1229,,Bupa group - 300+ centers
